date,gazole_ttc,gazole_ht,brent_eur_bbl,eur_usd
2005-01-03,0.92343,0.3552,29.332409400524867,1.3565200000000002
2005-01-10,0.91825,0.35087,31.89779361589203,1.3189
2005-01-17,0.9144800000000001,0.34772000000000003,33.80911761918302,1.318875
2005-01-24,0.9203600000000001,0.35263,34.60877042132416,1.3025600000000002
2005-01-31,0.9328,0.36302999999999996,35.16554360005526,1.30298
2005-02-07,0.9308,0.36136,34.03873800064924,1.29382
2005-02-14,0.92889,0.35975999999999997,33.65885517906293,1.28614
2005-02-21,0.9321,0.36244,34.69254670298055,1.30345
2005-02-28,0.95538,0.38191,36.47598015488867,1.32224
2005-03-07,0.97561,0.39882999999999996,38.949509052554895,1.31786
2005-03-14,0.9940399999999999,0.41424,39.65136079825531,1.33892
2005-03-21,1.0088300000000001,0.42661,41.18671812816316,1.33174
2005-04-04,1.00504,0.42343000000000003,40.45074349442379,1.2912
2005-04-11,1.0284200000000001,0.44298000000000004,41.697674418604656,1.2899999999999998
2005-04-18,1.0115,0.42884,39.047619047619044,1.2915
2005-04-25,1.00515,0.42352,39.25129100966916,1.30518
2005-05-02,1.00626,0.42446,39.97275288726507,1.2918800000000001
2005-05-09,0.9974500000000001,0.41708999999999996,38.83939657313136,1.28864
2005-05-16,0.98393,0.40578,38.24947770220387,1.2732199999999998
2005-05-23,0.97653,0.3996,37.25023786869647,1.2612
2005-05-30,0.98176,0.40397000000000005,38.65937344604675,1.256875
2005-06-06,1.00387,0.42245,41.130057709236745,1.22684
2005-06-13,1.02475,0.43991,42.55842558425584,1.2195
2005-06-20,1.0453800000000002,0.45716,44.68513355220827,1.2122600000000001
2005-06-27,1.04864,0.45988999999999997,47.02103768288253,1.21116
2005-07-04,1.04635,0.45797000000000004,47.01248082265622,1.2058499999999999
2005-07-11,1.0686900000000001,0.47664999999999996,48.50827435035055,1.19526
2005-07-18,1.06649,0.47481,47.46830211760038,1.2098600000000002
2005-07-25,1.0557999999999998,0.46587,46.763305856401246,1.20586
2005-08-01,1.04727,0.45874000000000004,48.34710743801652,1.2100000000000002
2005-08-08,1.04749,0.45893,49.02867715078631,1.23234
2005-08-15,1.04749,0.45893,52.05439627882938,1.2383199999999999
2005-08-22,1.0791400000000002,0.48539,52.48235063406982,1.22384
2005-08-29,1.08674,0.49175,53.54202331458385,1.2267
2005-09-05,1.12196,0.52119,53.385569175468,1.237975
2005-09-12,1.10914,0.51047,50.964653546733715,1.24086
2005-09-19,1.0737,0.48085,50.0752519303756,1.22256
2005-09-26,1.09697,0.5003,52.45585398427067,1.21302
2005-10-03,1.11482,0.51523,51.783601859411185,1.20038
2005-10-10,1.12444,0.52326,48.95534787123572,1.2037499999999999
2005-10-17,1.1176400000000002,0.51758,48.73889461950554,1.20212
2005-10-24,1.09643,0.49985,48.567610456861274,1.1972999999999998
2005-11-07,1.06448,0.47313,49.229789302536076,1.1931800000000001
2005-11-14,1.0465,0.4581,48.406068871462665,1.1732
2005-11-21,1.03875,0.45162,45.91958734713398,1.17096
2005-11-28,1.03318,0.44695999999999997,45.52949175590685,1.1766
2005-12-05,1.02404,0.43932,45.59764481655435,1.17528
2005-12-12,1.03552,0.44892000000000004,47.41328282230378,1.18258
2005-12-19,1.03967,0.45238999999999996,49.007340674007345,1.1987999999999999
2006-01-09,1.0518399999999999,0.46256,51.106253312135664,1.20768
2006-01-16,1.05432,0.46464,51.45647136709699,1.2084
2006-01-23,1.0603399999999998,0.46967000000000003,52.388569167092655,1.21286
2006-01-30,1.06975,0.47754,52.27991932971519,1.21978
2006-02-06,1.07254,0.47988,53.031056312352916,1.2068400000000001
2006-02-13,1.0636199999999998,0.47242,51.28398411980501,1.19394
2006-02-20,1.0574400000000002,0.46725,48.806945991969215,1.189175
2006-02-27,1.06406,0.47278,49.922665680373896,1.18964
2006-03-06,1.07487,0.48181999999999997,51.00489499974941,1.1971399999999999
2006-03-13,1.0818699999999999,0.48767,49.95801847187237,1.191
2006-03-20,1.08416,0.48958999999999997,51.513550985376156,1.2117200000000001
2006-03-27,1.08152,0.48738,51.16514690982776,1.20414
2006-04-03,1.08797,0.49277,53.518007371535305,1.21006
2006-04-10,1.09008,0.49454000000000004,54.90926393856857,1.21892
2006-04-24,1.1240999999999999,0.52298,58.824483440916026,1.23316
2006-05-01,1.1320599999999998,0.52964,58.14918891301571,1.25264
2006-05-08,1.12742,0.52576,57.48975086723431,1.2684000000000002
2006-05-15,1.11785,0.51776,54.93254308664119,1.2823
2006-05-22,1.10662,0.50836,53.05471267244346,1.27868
2006-05-29,1.09718,0.50048,53.58952785332734,1.277675
2006-06-05,1.10169,0.50424,53.385618884920014,1.2878
2006-06-12,1.1016400000000002,0.5042,53.45837664178399,1.26996
2006-06-19,1.1024500000000002,0.50488,52.49837355802034,1.26042
2006-06-26,1.09766,0.50088,54.32414812930308,1.25782
2006-07-03,1.10906,0.51041,56.79535641419014,1.26454
2006-07-10,1.1131900000000001,0.51386,57.544656847383266,1.2764
2006-07-17,1.11717,0.51719,58.44114812884065,1.26606
2006-07-24,1.12353,0.52251,58.337168520781425,1.26026
2006-07-31,1.11169,0.51261,57.94508889169083,1.26896
2006-08-07,1.12035,0.51985,59.51712521055587,1.28232
2006-08-14,1.1267,0.52516,60.15566391597899,1.2796800000000002
2006-08-21,1.1214000000000002,0.52073,56.30700744015191,1.28492
2006-08-28,1.11826,0.5181,56.267505359182586,1.27818
2006-09-04,1.1123299999999998,0.51314,53.378629024385475,1.280475
2006-09-11,1.09571,0.49925,51.59589492514829,1.27452
2006-09-18,1.0651400000000002,0.47368,48.3642208774584,1.26912
2006-09-25,1.0416500000000002,0.45404,47.308230045399554,1.2731400000000002
2006-10-02,1.03683,0.45002,46.257518027521485,1.27028
2006-10-09,1.0370599999999999,0.45021,45.087868089386795,1.267525
2006-10-16,1.0372000000000001,0.45032,46.55599010296113,1.2529
2006-10-23,1.04582,0.45753,46.56141076856965,1.25662
2006-10-30,1.03579,0.44914,45.62410103213366,1.26534
2006-11-06,1.028,0.44264,44.30220883534136,1.27488
2006-11-13,1.0309000000000001,0.44506,45.26659072822882,1.2817399999999999
2006-11-20,1.03115,0.44527,45.152276736235784,1.2812199999999998
2006-11-27,1.03043,0.44466,45.57965853752431,1.298825
2006-12-04,1.0299500000000001,0.44426,47.26484625143478,1.32424
2006-12-11,1.0333599999999998,0.44711,47.93725891996142,1.32736
2006-12-18,1.02715,0.44192000000000004,47.5452196382429,1.3157999999999999
2007-01-08,1.02534,0.4315,42.41578602253839,1.31154
2007-01-15,1.0107599999999999,0.41931999999999997,40.01931807205641,1.294125
2007-01-22,0.99985,0.4102,39.7015432623237,1.29466
2007-01-29,1.00275,0.41262,42.32098232190788,1.29652
2007-02-05,1.01287,0.42108,43.104245675700675,1.29732
2007-02-12,1.0247,0.43097,44.545314663794436,1.2997999999999998
2007-02-19,1.02157,0.42836,42.37511206057947,1.310675
2007-02-26,1.02118,0.42802999999999997,44.25034618135337,1.31434
2007-03-05,1.03775,0.44189,45.976488433826326,1.3184999999999998
2007-03-12,1.04969,0.45187,45.93615369392136,1.31378
2007-03-19,1.03602,0.44044,45.91813641918498,1.32562
2007-03-26,1.03295,0.43787,45.86818434369979,1.33186
2007-04-02,1.05323,0.45482999999999996,49.4967950637992,1.33544
2007-04-16,1.06754,0.46679000000000004,50.575462743236834,1.34848
2007-04-23,1.06516,0.4648,48.73470829837035,1.3585800000000001
2007-04-30,1.0651199999999998,0.46476999999999996,49.4467598027706,1.36288
2007-05-07,1.06679,0.46616,48.582400282490035,1.35934
2007-05-14,1.06197,0.46214,47.23158330377202,1.35312
2007-05-21,1.06557,0.46514999999999995,49.972627872223946,1.35174
2007-05-28,1.07531,0.47329000000000004,52.50153268805619,1.345675
2007-06-04,1.07519,0.47319,50.867232436128,1.34566
2007-06-11,1.0811199999999999,0.47814,53.00482200261936,1.34384
2007-06-18,1.08233,0.47914999999999996,52.393660884297645,1.33394
2007-06-25,1.08599,0.48222000000000004,53.464225595495236,1.34258
2007-07-02,1.0899100000000002,0.48549000000000003,53.1445329857511,1.3502800000000001
2007-07-09,1.08795,0.48385,54.93609519612165,1.3614
2007-07-16,1.09946,0.49348000000000003,56.495204882301664,1.3763999999999998
2007-07-23,1.0974000000000002,0.49175,56.65541861576562,1.3809799999999999
2007-07-30,1.09603,0.49062,55.88033764378289,1.37186
2007-08-06,1.10006,0.49398000000000003,55.59277599766968,1.3732
2007-08-13,1.09109,0.48648,51.556164863051656,1.37132
2007-08-20,1.092,0.48724,51.978582658479425,1.34844
2007-08-27,1.09006,0.48563,50.42140625920905,1.3573600000000001
2007-09-03,1.08982,0.48542,51.69937418475473,1.36462
2007-09-10,1.1019100000000002,0.49552999999999997,54.75794449794275,1.37076
2007-09-17,1.11344,0.50517,55.448986067441666,1.38668
2007-09-24,1.12243,0.5126900000000001,55.77754627317227,1.40146
2007-10-01,1.1203800000000002,0.51097,55.159514398644845,1.4167999999999998
2007-10-08,1.1145699999999998,0.5061100000000001,55.122006390137706,1.41468
2007-10-15,1.11495,0.50643,55.637092335699464,1.41722
2007-10-22,1.1349,0.52311,59.304861746288616,1.4213
2007-10-29,1.14529,0.5317999999999999,58.48083935232401,1.4315799999999999
2007-11-05,1.1661199999999998,0.5492100000000001,62.55101899636122,1.44554
2007-11-12,1.20797,0.58421,63.87380927993445,1.46445
2007-11-19,1.21075,0.58654,61.96648319379379,1.46434
2007-11-26,1.22775,0.60075,63.40716559650354,1.48264
2007-12-03,1.2272,0.60029,62.54241428920437,1.47356
2007-12-10,1.2013399999999999,0.57866,60.65413052654512,1.46882
2007-12-17,1.19599,0.5741900000000001,61.98057612264241,1.45594
2008-01-07,1.2226,0.5964400000000001,65.485884907709,1.4736
2008-01-14,1.21476,0.58989,63.97050851133037,1.47568
2008-01-21,1.18732,0.5669500000000001,61.25427361330816,1.469775
2008-01-28,1.16929,0.55186,60.27363658662887,1.46764
2008-02-04,1.17513,0.55675,61.94564821189907,1.48146
2008-02-11,1.1764100000000002,0.55572,61.73840172548804,1.45582
2008-02-18,1.2129100000000002,0.58624,64.97691123653155,1.46175
2008-02-25,1.23677,0.60619,65.74832464631422,1.4773
2008-03-03,1.2398699999999998,0.60878,65.56400926232219,1.5115
2008-03-10,1.256,0.62227,66.55780535597648,1.5310000000000001
2008-03-17,1.27985,0.6422100000000001,69.22997801406585,1.5555400000000001
2008-03-31,1.2586600000000001,0.62449,64.81999034528316,1.57436
2008-04-07,1.2575,0.62352,64.37943533976618,1.56696
2008-04-14,1.28711,0.64828,67.57442060956437,1.57752
2008-04-21,1.30246,0.66111,69.59887048382623,1.5865200000000002
2008-04-28,1.31619,0.67259,72.49740039057548,1.57716
2008-05-05,1.3343699999999998,0.6878,72.19671962038375,1.55104
2008-05-12,1.34798,0.69917,77.50614409520114,1.5462
2008-05-19,1.41045,0.75141,79.00741218175958,1.5515
2008-05-26,1.43799,0.77444,80.39284238629502,1.57315
2008-06-02,1.45415,0.7879400000000001,82.54269449715369,1.55992
2008-06-09,1.42037,0.7597,81.06807330971816,1.55832
2008-06-16,1.45252,0.7865800000000001,86.76076746924042,1.54586
2008-06-23,1.44513,0.7804099999999999,85.05815226491158,1.55282
2008-06-30,1.43272,0.7700199999999999,86.44573702739935,1.56792
2008-07-07,1.4366400000000001,0.7733,89.5668322725036,1.5750250000000001
2008-07-14,1.44004,0.77615,87.00303874398583,1.5796
2008-07-21,1.43791,0.77437,85.08372919370487,1.5872600000000001
2008-07-28,1.40053,0.74311,80.58771148708816,1.5722
2008-08-04,1.37258,0.71974,79.89392849804807,1.5574400000000002
2008-08-11,1.33843,0.6911900000000001,76.45986119675165,1.52446
2008-08-18,1.32198,0.67744,74.35104817699545,1.48162
2008-08-25,1.32487,0.6798500000000001,75.52248900913088,1.4785
2008-09-01,1.3360999999999998,0.68924,76.5954547003305,1.46745
2008-09-08,1.32446,0.67951,72.23770377595095,1.4354
2008-09-15,1.30681,0.66475,69.01346500375999,1.40958
2008-09-22,1.28183,0.64387,62.192864004009294,1.43666
2008-09-29,1.2971,0.65663,69.10507861721361,1.46024
2008-10-06,1.2954,0.6552100000000001,66.28965477444207,1.38634
2008-10-13,1.24964,0.61695,59.49381038092789,1.36115
2008-10-20,1.18722,0.56476,51.38169897800259,1.3483399999999999
2008-10-27,1.16503,0.5462100000000001,50.39123630672927,1.278
2008-11-03,1.1513,0.53473,47.66585925949228,1.27156
2008-11-10,1.15008,0.53371,46.1750034963405,1.2870599999999999
2008-11-17,1.1304,0.51725,42.159830632555746,1.263525
2008-11-24,1.0959,0.4884,37.79000806566399,1.26462
2008-12-01,1.0639,0.46165,37.92443246200133,1.27965
2008-12-08,1.0335,0.43623,34.23208886242931,1.27658
2008-12-15,0.9967999999999999,0.40554,30.942536367477512,1.32536
2009-01-05,0.946,0.36307,26.682995353528078,1.38815
2009-01-12,1.0017,0.40964,33.41012123628524,1.35438
2009-01-19,0.9956,0.40454,32.16088028837033,1.31775
2009-01-26,0.9877,0.39794,32.18108521384551,1.29486
2009-02-02,0.9846,0.39533999999999997,33.998430841653466,1.30006
2009-02-09,0.9823999999999999,0.3935,33.75462153674799,1.29286
2009-02-16,0.9776,0.38949,35.36850271528317,1.289
2009-02-23,0.9508,0.36707999999999996,32.350150245136795,1.2646000000000002
2009-03-02,0.9405,0.35847,33.61741678350321,1.26958
2009-03-09,0.9414,0.35922000000000004,34.79240373784329,1.2606199999999999
2009-03-16,0.9329,0.35212,34.24540202139753,1.2842600000000002
2009-03-23,0.9372,0.35570999999999997,34.67668454150298,1.33894
2009-03-30,0.9706,0.38364,38.36004472605292,1.3415000000000001
2009-04-06,0.9686,0.38197000000000003,36.32100910834132,1.33504
2009-04-20,0.9741000000000001,0.38656,39.32824101602402,1.3117800000000002
2009-04-27,0.9703999999999999,0.38347000000000003,37.40966524575637,1.3090199999999999
2009-05-04,0.9578,0.37294,37.66921718658034,1.32522
2009-05-11,0.9652999999999999,0.37921,40.78824037016649,1.3442599999999998
2009-05-18,0.9789,0.39058,41.52430044182621,1.358
2009-05-25,0.974,0.38648000000000005,41.96295893588489,1.37955
2009-06-01,0.9745,0.38689999999999997,44.31335670114844,1.40364
2009-06-08,1.0043,0.41182,47.6214108472173,1.4105
2009-06-15,1.0258,0.42979,49.97568441227793,1.3982800000000002
2009-06-22,1.0379,0.43991,50.09345794392524,1.391
2009-06-29,1.028,0.43163,48.19088095611621,1.40234
2009-07-06,1.0208,0.42561,48.48687867945776,1.40306
2009-07-13,0.9951,0.40412,43.29528834848442,1.3948399999999999
2009-07-20,0.985,0.39568000000000003,43.32014801582238,1.41066
2009-07-27,1.0031,0.41081,46.80270578142799,1.42214
2009-08-03,1.0096,0.41625,48.30373614612232,1.42018
2009-08-10,1.037,0.43916000000000005,51.76225322158638,1.42942
2009-08-17,1.0464,0.44702,51.379276320426264,1.41886
2009-08-24,1.042,0.44333999999999996,50.22683540036799,1.42394
2009-08-31,1.0386,0.44049,50.535185288692645,1.4312799999999999
2009-09-07,1.0295,0.43289,47.407822992092854,1.4259249999999999
2009-09-14,1.0149,0.42068,47.48273542293066,1.45674
2009-09-21,1.0082,0.41508,46.87117065599215,1.46892
2009-09-28,1.0082,0.41508,45.5045871559633,1.4715
2009-10-05,1.002,0.40989,45.16668494352451,1.4590400000000001
2009-10-12,1.0112,0.41758,46.08307446826569,1.472775
2009-10-19,1.0269000000000001,0.43071,48.50440827171594,1.49038
2009-10-26,1.0524,0.45203,51.57103369076075,1.4977399999999998
2009-11-02,1.0551,0.45429,51.40837455734869,1.47972
2009-11-09,1.0555,0.45463,51.627687537911974,1.4837
2009-11-16,1.0505,0.45044,51.099048384934996,1.4922
2009-11-23,1.0485,0.44877,51.66101149363626,1.49126
2009-11-30,1.0407,0.44225,51.031194251321295,1.499475
2009-12-07,1.0423,0.44359,51.8913870171459,1.4989000000000001
2009-12-14,1.0413,0.44275,49.8038895244321,1.4685599999999999
2009-12-21,1.0375999999999999,0.43966000000000005,49.8555716031552,1.44016
2010-01-04,1.0597999999999999,0.45822,53.769395538373125,1.435575
2010-01-11,1.0887,0.48238,55.42054906752947,1.4402599999999999
2010-01-18,1.0871,0.48105000000000003,54.12915377836147,1.446725
2010-01-25,1.0731,0.46934,52.48060591501929,1.41538
2010-02-01,1.0647,0.46232,51.42881673654536,1.3976600000000001
2010-02-08,1.0728,0.46908999999999995,52.620125348189426,1.3785599999999998
2010-02-15,1.0669000000000002,0.46416,51.732320835310865,1.36955
2010-02-22,1.0800999999999998,0.47519,55.689432232279295,1.36112
2010-03-01,1.1116,0.5015299999999999,56.24584962738877,1.3553
2010-03-08,1.1113,0.50128,57.17684726893533,1.36174
2010-03-15,1.1191,0.5078,58.077075069888615,1.36646
2010-03-22,1.1233,0.51131,57.98770557943693,1.3632199999999999
2010-03-29,1.1248,0.5125700000000001,58.41494134656948,1.34178
2010-04-12,1.1621,0.54376,62.45067528329139,1.34314
2010-04-19,1.1578,0.54016,62.90686860635048,1.35486
2010-04-26,1.16,0.542,63.30904030049534,1.33646
2010-05-03,1.1712,0.55136,65.04963079530323,1.32176
2010-05-10,1.1827999999999999,0.5610599999999999,64.25433814137511,1.28396
2010-05-17,1.1728,0.5527000000000001,62.541923531478574,1.25228
2010-05-24,1.1634,0.54484,58.17721600619095,1.24052
2010-05-31,1.1445999999999998,0.52912,57.503756955444544,1.23105
2010-06-07,1.1527,0.5358999999999999,59.9699778958134,1.21244
2010-06-14,1.1598,0.54183,60.12726220973474,1.2101
2010-06-21,1.1705999999999999,0.55086,61.706606217616574,1.2352
2010-06-28,1.1785,0.55747,62.25933808835237,1.23098
2010-07-05,1.1618,0.5435,59.66194793917486,1.237975
2010-07-12,1.1351,0.52118,58.56497980517937,1.2627000000000002
2010-07-19,1.1365999999999998,0.52243,58.911422745879314,1.28498
2010-07-26,1.1314000000000002,0.51809,59.42651551571732,1.28966
2010-08-02,1.121,0.50939,59.153290037985535,1.30576
2010-08-09,1.1505,0.53406,62.57093996398141,1.3215400000000002
2010-08-16,1.145,0.52946,60.66082370278445,1.2893000000000001
2010-08-23,1.1369,0.5226900000000001,58.59356674850271,1.27898
2010-08-30,1.1294000000000002,0.5164099999999999,57.34309788172296,1.2699
2010-09-06,1.138,0.52361,58.88416038730332,1.28065
2010-09-13,1.1436,0.5282899999999999,60.497969551106166,1.27558
2010-09-20,1.1542999999999999,0.53723,60.134005918339184,1.30442
2010-09-27,1.1454000000000002,0.52979,58.65361590038314,1.33632
2010-10-04,1.1395,0.52486,58.464197820227355,1.3652799999999998
2010-10-11,1.1612,0.543,60.335959138160504,1.39005
2010-10-18,1.1692,0.54969,59.490064708240276,1.39704
2010-10-25,1.177,0.55621,58.46580220853257,1.3927800000000001
2010-11-08,1.1742000000000001,0.55387,60.947824105718844,1.40448
2010-11-15,1.1773,0.5564600000000001,63.69199388067313,1.3727
2010-11-22,1.1805999999999999,0.55922,61.76055094472895,1.3591199999999999
2010-11-29,1.1803,0.5589700000000001,62.93972453036385,1.326825
2010-12-06,1.2023,0.57737,66.68685186586934,1.3211
2010-12-13,1.2203,0.59242,67.95729044305894,1.32804
2010-12-20,1.2193,0.59158,68.67766597165563,1.32372
2011-01-03,1.2474,0.60588,70.39002738691094,1.323625
2011-01-10,1.2608,0.6170800000000001,72.42365390791063,1.30786
2011-01-17,1.2845,0.6369,73.6422936893204,1.3184
2011-01-24,1.2867,0.63874,72.02794098059819,1.35142
2011-01-31,1.2787,0.63205,70.68859559275408,1.36684
2011-02-07,1.2923,0.64342,73.39798440768207,1.36734
2011-02-14,1.2999,0.64977,73.449401523395,1.36012
2011-02-21,1.3089000000000002,0.6573,75.69856054191364,1.35815
2011-02-28,1.3287,0.6738500000000001,80.34117185114087,1.37526
2011-03-07,1.3513,0.69275,82.29148703799505,1.39176
2011-03-14,1.3702,0.7085499999999999,82.36183074265975,1.3896000000000002
2011-03-21,1.3594000000000002,0.69952,80.20815536192266,1.40472
2011-03-28,1.3605999999999998,0.70053,81.52266048824593,1.41568
2011-04-04,1.3609,0.70078,82.26230156488333,1.41608
2011-04-11,1.3698,0.7082200000000001,85.74594722682984,1.43482
2011-04-18,1.3719000000000001,0.70997,85.7529493407356,1.441
2011-05-02,1.3596,0.69969,84.97830802603038,1.4751999999999998
2011-05-09,1.3453,0.6877300000000001,81.76384500704388,1.4622600000000001
2011-05-16,1.3180999999999998,0.66499,80.41030105594248,1.42432
2011-05-23,1.3087,0.65713,79.03649140631615,1.41732
2011-05-30,1.3146,0.66206,80.1710730948678,1.4146
2011-06-06,1.3157999999999999,0.66307,79.82665580965262,1.44914
2011-06-13,1.3184,0.66524,81.16063919259882,1.45058
2011-06-20,1.3335,0.67787,81.6770403524722,1.4299
2011-06-27,1.3088,0.6572100000000001,77.11474124777781,1.4287800000000002
2011-07-04,1.2854,0.6376499999999999,75.41805730886956,1.445675
2011-07-11,1.3060999999999998,0.65496,80.76799238447217,1.42866
2011-07-18,1.3357,0.67971,83.41718513059622,1.41122
2011-07-25,1.3475,0.68957,82.72792172342837,1.4287800000000002
2011-08-01,1.3372,0.68096,82.00833321720712,1.43522
2011-08-08,1.3357,0.67971,79.20938277855124,1.42218
2011-08-22,1.3027,0.65211,76.10221067404022,1.4393799999999999
2011-08-29,1.3017999999999998,0.65136,76.92627379270218,1.4437200000000001
2011-09-05,1.3197,0.6663300000000001,81.01592617789176,1.4331749999999999
2011-09-12,1.3315,0.6761900000000001,83.66640213548806,1.3861
2011-09-19,1.3392,0.68263,83.7228945490556,1.37334
2011-09-26,1.3405,0.68372,82.45828485589314,1.35802
2011-10-03,1.3326,0.67711,79.64883215241927,1.35206
2011-10-10,1.3294000000000001,0.67444,77.71842665570955,1.33855
2011-10-17,1.3397000000000001,0.6830499999999999,81.07028173720994,1.37646
2011-10-24,1.3588,0.69902,80.80932565861013,1.37942
2011-10-31,1.3609,0.70078,79.48509252912955,1.4006399999999999
2011-11-07,1.3654000000000002,0.7045399999999999,79.90920730997556,1.37456
2011-11-14,1.377,0.71424,84.00542064974545,1.36515
2011-11-21,1.395,0.72929,81.87493527819281,1.3519400000000001
2011-11-28,1.376,0.7133999999999999,79.86523163313055,1.335625
2011-12-05,1.379,0.7159099999999999,81.96538163617946,1.34264
2011-12-12,1.3742,0.7119,81.98700928551071,1.33326
2011-12-19,1.3682999999999998,0.70696,81.58658497258948,1.3024200000000001
2012-01-09,1.3982999999999999,0.73205,87.56732355779708,1.28484
2012-01-16,1.424,0.75354,87.72563176895306,1.2742
2012-01-23,1.4182000000000001,0.74629,84.98100333410869,1.2897
2012-01-30,1.3965999999999998,0.72823,83.40845543858578,1.30898
2012-02-06,1.396,0.72772,84.71090119600824,1.3127
2012-02-13,1.418,0.74612,88.5378897751994,1.3238400000000001
2012-02-20,1.4223,0.74971,91.2772645013811,1.3123749999999998
2012-02-27,1.4407999999999999,0.76518,92.47679457765382,1.33374
2012-03-05,1.4313699999999998,0.7573,93.81150558151414,1.33118
2012-03-12,1.4378,0.76267,96.26262011920693,1.3153599999999999
2012-03-19,1.4584000000000001,0.7798999999999999,96.17934376762119,1.31234
2012-03-26,1.456,0.77789,93.92419596054202,1.32394
2012-04-02,1.4429,0.7669400000000001,93.47205528846155,1.3312
2012-04-16,1.4362000000000001,0.76134,92.2784462224394,1.30984
2012-04-23,1.4295,0.75573,89.15365653245686,1.31436
2012-04-30,1.4264000000000001,0.75314,89.29921664700723,1.32252
2012-05-07,1.42523,0.7521599999999999,88.83051621745088,1.3134000000000001
2012-05-14,1.4022999999999999,0.73299,86.3672889108666,1.29424
2012-05-21,1.3925,0.7248,86.24289616628467,1.27396
2012-05-28,1.3775,0.71226,85.81688324570976,1.260125
2012-06-04,1.3778,0.71251,83.21270025091681,1.24344
2012-06-11,1.349,0.68843,79.19105652048748,1.25052
2012-06-18,1.3380999999999998,0.67931,77.28327927240348,1.25784
2012-06-25,1.3285,0.6712899999999999,73.37396438434433,1.2601200000000001
2012-07-02,1.3167,0.66142,72.85228307220545,1.2522600000000002
2012-07-09,1.3449,0.685,79.69991529867302,1.23965
2012-07-16,1.3709,0.70674,81.60530744971159,1.22394
2012-07-23,1.4,0.73107,86.31703082517117,1.22108
2012-07-30,1.3962,0.72789,85.26205519363603,1.22188
2012-08-06,1.406,0.73609,87.10515631343888,1.2315
2012-08-13,1.4245999999999999,0.75164,91.15735563443056,1.23402
2012-08-20,1.449,0.77204,93.32965553049601,1.23262
2012-08-27,1.4592,0.7805700000000001,92.77016013040559,1.2514800000000001
2012-09-03,1.3973,0.75881,90.09705642027224,1.254425
2012-09-10,1.4036,0.7640800000000001,90.01199002934402,1.26772
2012-09-17,1.3996,0.76073,88.87126334108514,1.29862
2012-09-24,1.3693,0.7353999999999999,86.07207179471392,1.2992599999999999
2012-10-01,1.3708,0.73665,85.63956105359554,1.28854
2012-10-08,1.388,0.7510399999999999,85.83204930662558,1.298
2012-10-15,1.4032,0.76374,88.9329287174088,1.29176
2012-10-22,1.3959000000000001,0.75764,86.89565483476133,1.3072
2012-10-29,1.3776,0.74234,83.6462244472257,1.2943799999999999
2012-11-05,1.3724,0.73799,84.36414930555554,1.29024
2012-11-12,1.3658,0.7324700000000001,84.48032606991691,1.2758
2012-11-19,1.3636,0.73063,85.57089084065244,1.2752000000000001
2012-11-26,1.3716,0.7373200000000001,85.5474735719135,1.288875
2012-12-03,1.3653,0.7320599999999999,84.61751833816186,1.29784
2012-12-10,1.3608,0.71829,83.91027416228191,1.29996
2012-12-17,1.3509,0.70502,83.39703409264638,1.3082
2013-01-07,1.3629,0.71005,85.67996797010542,1.311275
2013-01-14,1.3805999999999998,0.71485,85.0154339668321,1.32176
2013-01-21,1.3824,0.71635,83.55532210257756,1.3326500000000001
2013-01-28,1.3885,0.7215499999999999,84.98617442642552,1.3381
2013-02-04,1.3908,0.72348,84.84031185981047,1.35702
2013-02-11,1.4004,0.7315,87.0887167516615,1.34518
2013-02-18,1.4150999999999998,0.74379,88.14419524573646,1.33985
2013-02-25,1.4165999999999999,0.74505,86.98079331311577,1.32558
2013-03-04,1.4078,0.7376900000000001,86.1838978243204,1.30442
2013-03-11,1.3948,0.72682,84.4531813923487,1.30226
2013-03-18,1.3872,0.72047,83.4205423374065,1.29956
2013-03-25,1.3802,0.71461,83.01749609393129,1.29286
2013-04-01,1.3788,0.7134400000000001,83.9217520068584,1.2831
2013-04-08,1.387,0.7202999999999999,82.89970885213404,1.2914400000000001
2013-04-15,1.3593,0.69714,78.87459512314368,1.30904
2013-04-22,1.3209000000000002,0.66503,75.01759001498975,1.30756
2013-04-29,1.3174000000000001,0.66211,77.24138989973436,1.30254
2013-05-06,1.3163,0.66119,77.3797728831644,1.3120999999999998
2013-05-13,1.3203,0.66453,79.45270508246175,1.30606
2013-05-20,1.3267,0.66988,79.89038458552642,1.2881399999999998
2013-05-27,1.3375,0.67891,79.24396762074441,1.29095
2013-06-03,1.3347,0.67657,78.55471035693388,1.29884
2013-06-10,1.3249000000000002,0.66838,78.10341949094662,1.3177400000000001
2013-06-17,1.3199,0.6642,77.6003122326133,1.3323399999999999
2013-06-24,1.3285,0.6713899999999999,78.46260701505385,1.3245799999999999
2013-07-01,1.3226,0.6664500000000001,77.81716074387775,1.30344
2013-07-08,1.3333,0.6754,81.35199938123598,1.2929
2013-07-15,1.3459,0.6859299999999999,83.59458249038656,1.2950599999999999
2013-07-22,1.3539,0.69262,83.32698664148299,1.31302
2013-07-29,1.3344,0.67632,81.86692847972208,1.3241
2013-08-05,1.3431,0.68359,81.92034997737214,1.3258
2013-08-12,1.3472,0.68702,81.41959290203549,1.33334
2013-08-19,1.3451,0.6852699999999999,83.33709641002484,1.3287
2013-08-26,1.3552,0.69371,83.0282290001046,1.33834
2013-09-02,1.3705999999999998,0.70659,86.80956772117356,1.328425
2013-09-09,1.376,0.7111000000000001,88.00552167713357,1.31844
2013-09-16,1.3760999999999999,0.7111900000000001,85.12525939069502,1.33004
2013-09-23,1.3625,0.6998099999999999,81.73670050685969,1.3455400000000002
2013-09-30,1.3415,0.68226,80.49480630937232,1.35164
2013-10-07,1.3297,0.6723899999999999,79.97025869049898,1.35838
2013-10-14,1.3287,0.67155,81.41873812028271,1.354725
2013-10-21,1.3331,0.67523,80.9477599870613,1.3602599999999998
2013-10-28,1.3233,0.66704,78.18255648693331,1.37908
2013-11-04,1.3112000000000001,0.65692,78.96358913397613,1.36278
2013-11-11,1.3133,0.6586799999999999,77.8015517145143,1.343675
2013-11-18,1.3107,0.6565,79.50766124242784,1.34704
2013-11-25,1.3163,0.66119,80.97897746633284,1.34998
2013-12-02,1.3327,0.6748999999999999,82.03994398997715,1.3569
2013-12-09,1.3368,0.67833,82.26966983689678,1.36478
2013-12-16,1.3291,0.67189,79.29240072097214,1.37592
2014-01-06,1.3389000000000002,0.67635,79.52313909052678,1.367275
2014-01-13,1.3303,0.66918,78.56136023257864,1.36212
2014-01-20,1.3228,0.66143,79.22850844966936,1.361
2014-01-27,1.3237999999999999,0.66227,80.07924279110719,1.3629000000000002
2014-02-03,1.326,0.6641,80.14345258258834,1.35794
2014-02-10,1.3266,0.6646,79.3439193966533,1.35776
2014-02-17,1.3294300000000001,0.66696,79.9340719714312,1.365125
2014-02-24,1.33081,0.66811,79.89690721649484,1.37352
2014-03-03,1.33165,0.6688099999999999,79.44258477659729,1.3742
2014-03-10,1.32654,0.66455,79.01710082390929,1.3812200000000001
2014-03-17,1.31294,0.65322,77.65028972379186,1.39098
2014-03-24,1.3003699999999998,0.64274,77.00147454245814,1.38348
2014-03-31,1.3047,0.64635,77.37671581087952,1.3769
2014-04-07,1.3071700000000002,0.6484099999999999,76.58391781380053,1.37444
2014-04-14,1.3061800000000001,0.64758,76.92252137739774,1.3846399999999999
2014-04-28,1.31247,0.6528200000000001,78.99114685800254,1.38256
2014-05-05,1.31181,0.65227,78.75975928304446,1.38586
2014-05-12,1.30156,0.64373,78.34980065869301,1.38456
2014-05-19,1.3044,0.6461,79.87311310435354,1.3713
2014-05-26,1.30891,0.64986,81.05565621625578,1.365975
2014-06-02,1.30859,0.64959,80.52241875771288,1.36136
2014-06-09,1.2980699999999998,0.64083,80.02761092100046,1.36178
2014-06-16,1.29838,0.6410800000000001,81.92703488801288,1.35462
2014-06-23,1.3174000000000001,0.6569299999999999,84.14937637132044,1.3581800000000002
2014-06-30,1.3255,0.6636799999999999,82.96286514958112,1.36314
2014-07-07,1.31726,0.6568200000000001,80.8491136734432,1.363775
2014-07-14,1.2975999999999999,0.6404299999999999,78.62684023390439,1.36124
2014-07-21,1.29946,0.64198,77.86824683768768,1.35344
2014-07-28,1.30021,0.64261,79.03851585378544,1.34542
2014-08-04,1.2953,0.63852,78.85510532911618,1.34056
2014-08-11,1.30225,0.6443099999999999,77.45215311004785,1.3376
2014-08-18,1.30252,0.6445299999999999,76.24532535527298,1.3370000000000002
2014-08-25,1.2966,0.6396000000000001,75.2890805204203,1.3266200000000001
2014-09-01,1.299,0.6416000000000001,76.37405376690887,1.317725
2014-09-08,1.2880999999999998,0.63252,77.16239053618067,1.3018
2014-09-15,1.2994,0.64193,75.25634482438639,1.29318
2014-09-22,1.2935999999999999,0.6371,75.19647812001053,1.2902200000000001
2014-09-29,1.2868,0.6314299999999999,74.4790931752975,1.2756599999999998
2014-10-06,1.2886,0.63293,74.10551368504562,1.2605
2014-10-13,1.2775999999999998,0.6237699999999999,71.25701193015722,1.2657
2014-10-20,1.2545,0.60452,67.01887502351539,1.27576
2014-10-27,1.2377,0.5905199999999999,67.46338310183359,1.2685400000000002
2014-11-03,1.2367000000000001,0.58968,67.74561347944511,1.26296
2014-11-10,1.2425,0.5945199999999999,66.64205575975475,1.24606
2014-11-17,1.2462,0.5976,64.08277023640046,1.246825
2014-11-24,1.2237,0.57885,62.1666212817761,1.24858
2014-12-01,1.2136,0.57043,61.423160932208475,1.247575
2014-12-08,1.1792,0.54177,56.479051229707395,1.23444
2014-12-15,1.1497,0.51718,51.51870849479828,1.24382
2015-01-05,1.1222,0.45447000000000004,46.49020909392632,1.2052
2015-01-12,1.1268,0.4583,41.76163703591146,1.18458
2015-01-19,1.1042,0.43947,39.897216274089935,1.1675
2015-01-26,1.1048399999999998,0.44,40.64699086230438,1.14252
2015-02-02,1.1164,0.44963,41.27314773950959,1.13294
2015-02-09,1.15039,0.47796,47.947610520032306,1.13916
2015-02-16,1.18152,0.5039,49.80411145837919,1.13585
2015-02-23,1.20441,0.52297,53.274579133463504,1.13694
2015-03-02,1.2095799999999999,0.52728,53.87513550978336,1.12538
2015-03-09,1.21744,0.53383,54.66547855025551,1.09978
2015-03-16,1.21908,0.5352,53.31433854746494,1.05994
2015-03-23,1.20099,0.52012,49.189199275970815,1.07178
2015-03-30,1.19019,0.51112,50.44752576941418,1.09044
2015-04-13,1.18618,0.50778,52.794334722248166,1.07038
2015-04-20,1.21214,0.52942,55.19765465986966,1.07106
2015-04-27,1.22473,0.53991,56.80010359243774,1.0811600000000001
2015-05-04,1.2323,0.54622,57.039925252452655,1.11308
2015-05-11,1.239,0.5518,57.8535196226751,1.1237
2015-05-18,1.2341,0.54772,57.168528240724434,1.13524
2015-05-25,1.23171,0.54572,57.95129423956386,1.109725
2015-06-01,1.23325,0.54701,56.39827791517817,1.0917
2015-06-08,1.2288599999999998,0.54335,55.24220897440474,1.12052
2015-06-15,1.21469,0.53154,56.092671763850205,1.12742
2015-06-22,1.21066,0.52818,53.578685135779786,1.13198
2015-06-29,1.2045,0.5230499999999999,54.4186046511628,1.1179999999999999
2015-07-06,1.19228,0.51287,54.37347986667867,1.1101
2015-07-13,1.18565,0.50734,51.27763994277332,1.1043800000000001
2015-07-20,1.17552,0.49889999999999995,52.37650249193785,1.09152
2015-07-27,1.16781,0.49248000000000003,50.79726651480638,1.0975
2015-08-03,1.1419000000000001,0.47088,49.231608620532874,1.0997
2015-08-10,1.1375,0.46722,44.41905110156321,1.0939
2015-08-17,1.1275,0.45888,43.1332325631613,1.11144
2015-08-24,1.1183699999999999,0.45127,40.90706980880391,1.1245
2015-08-31,1.08682,0.42498,38.58700469816506,1.1280999999999999
2015-09-07,1.09537,0.43211,43.7061217189107,1.11815
2015-09-14,1.11486,0.44835,42.308102534930846,1.12508
2015-09-21,1.10549,0.44054000000000004,41.93982777561218,1.12876
2015-09-28,1.1044,0.43963,42.2793132403123,1.11946
2015-10-05,1.10553,0.44057,41.89251836530918,1.12168
2015-10-12,1.11342,0.44715,45.465013286093885,1.129
2015-10-19,1.10524,0.44033,43.036351178031175,1.13834
2015-10-26,1.0903699999999998,0.42794,41.86117222013557,1.11822
2015-11-02,1.0906900000000002,0.42821,42.747828609766266,1.10298
2015-11-09,1.10453,0.43974,43.57895513849674,1.08378
2015-11-16,1.10848,0.44303,41.74050928085067,1.0721
2015-11-23,1.09499,0.43179,38.98273273273273,1.0656
2015-11-30,1.0926900000000002,0.42987000000000003,41.15400933389902,1.06065
2015-12-07,1.08216,0.42110000000000003,39.40058343707613,1.07638
2015-12-14,1.0477,0.39238,35.34239080879001,1.0967
2016-01-04,1.0214,0.34057,33.616923430673715,1.08725
2016-01-11,1.0453599999999998,0.36052999999999996,31.58254507833283,1.0825600000000002
2016-01-18,1.0243699999999998,0.34304,26.743251005169444,1.088125
2016-01-25,0.9996900000000001,0.32247000000000003,25.564989961873543,1.0858599999999998
2016-02-01,1.00207,0.32445999999999997,29.190034016732557,1.0877
2016-02-08,1.01719,0.33706,29.012423592203252,1.1091799999999998
2016-02-15,1.01049,0.33147000000000004,26.959817371838916,1.127975
2016-02-22,1.0161,0.33615,29.081182340544334,1.11034
2016-02-29,1.02087,0.34012,30.184277199569838,1.09726
2016-03-07,1.03528,0.35213,33.19061733816372,1.09308
2016-03-14,1.0647,0.37665,35.40604335213247,1.10998
2016-03-21,1.06743,0.37892000000000003,34.34127196503435,1.1210999999999998
2016-04-04,1.06478,0.37672000000000005,32.630743451803504,1.1339000000000001
2016-04-11,1.04369,0.35913999999999996,32.89889138366545,1.14016
2016-04-18,1.0597999999999999,0.37257,37.44142869772788,1.1311
2016-04-25,1.07149,0.38231,38.07569136042747,1.13038
2016-05-02,1.0888499999999999,0.39676999999999996,39.053441551596926,1.13844
2016-05-09,1.09449,0.40147000000000005,38.62218416315689,1.14442
2016-05-16,1.094,0.40107,39.766328828828826,1.13664
2016-05-23,1.12727,0.42879,42.98723010706791,1.12452
2016-05-30,1.17404,0.46776999999999996,43.681509535441364,1.115575
2016-06-06,1.17462,0.46825,43.55996508790367,1.12282
2016-06-13,1.16096,0.45687,44.083895342678574,1.13284
2016-06-20,1.1508099999999999,0.44841000000000003,42.1791836516724,1.1235399999999998
2016-06-27,1.14325,0.44211,42.90988211374864,1.12142
2016-07-04,1.1406800000000001,0.43997,42.473166771895016,1.1087
2016-07-11,1.12751,0.42899,41.55139679956604,1.1061
2016-07-18,1.12273,0.42501,41.078838174273855,1.1086
2016-07-25,1.11395,0.41769,41.12030553787397,1.0997
2016-08-01,1.0950499999999999,0.40194,38.39559646273236,1.1082
2016-08-08,1.0800999999999998,0.38948,36.70515560184604,1.11374
2016-08-15,1.0887,0.39665,39.080974561089214,1.1164
2016-08-22,1.11007,0.41446,42.99819513748806,1.13028
2016-08-29,1.12334,0.42552,43.239063583198536,1.12514
2016-09-05,1.11348,0.4173,42.3848772621394,1.1162
2016-09-12,1.11027,0.41462,42.28749443702715,1.1235
2016-09-19,1.1113499999999998,0.41552,41.186851581161534,1.12196
2016-09-26,1.10707,0.41196,41.24226261617225,1.12118
2016-10-03,1.11443,0.41808999999999996,41.657754010695186,1.122
2016-10-10,1.14031,0.43966000000000005,44.29140020571531,1.11805
2016-10-17,1.1606500000000002,0.45661,45.318426831702936,1.10198
2016-10-24,1.16532,0.4605,46.046732905161846,1.0930199999999999
2016-10-31,1.16824,0.46293,44.82108193238839,1.09212
2016-11-07,1.15718,0.45372,40.26960695853033,1.1082800000000002
2016-11-14,1.1354000000000002,0.43557,39.540272074510796,1.089775
2016-11-21,1.13538,0.43555,41.302226059536764,1.06556
2016-11-28,1.1538,0.45089999999999997,43.9113084134218,1.0587250000000001
2016-12-05,1.15842,0.45475,45.822608826347526,1.06454
2016-12-12,1.18246,0.47478,49.07318722181531,1.06494
2016-12-19,1.1990699999999999,0.48862,50.66012251265076,1.05132
2017-01-02,1.22224,0.50793,52.486570371254636,1.0471249999999999
2017-01-09,1.27335,0.51442,52.37905217953103,1.0525200000000001
2017-01-16,1.26758,0.50962,51.0055707676329,1.0591
2017-01-23,1.26319,0.50596,50.70765199897068,1.068675
2017-01-30,1.2618399999999999,0.50483,51.28612257859638,1.07066
2017-02-06,1.26245,0.50534,51.53404978005457,1.07754
2017-02-13,1.26469,0.5072099999999999,51.09831360558255,1.06618
2017-02-20,1.26715,0.50926,51.319261213720324,1.0612
2017-02-27,1.2682,0.51013,52.36690865093769,1.05792
2017-03-06,1.26697,0.5091100000000001,51.48200022712647,1.05668
2017-03-13,1.25979,0.50312,49.743647741838195,1.06104
2017-03-20,1.23881,0.48563999999999996,46.9920947877927,1.0701800000000001
2017-03-27,1.2254,0.47447,46.31598409910326,1.0817
2017-04-03,1.22078,0.47062,47.80486896269116,1.07374
2017-04-10,1.23713,0.48424,50.077070566562654,1.06396
2017-04-24,1.25475,0.49892000000000003,48.48168903948912,1.07422
2017-05-01,1.23782,0.48482,45.472065193451286,1.08968
2017-05-08,1.2157200000000001,0.4664,44.49845580307378,1.09442
2017-05-15,1.20415,0.45676,44.01892813909982,1.0904399999999999
2017-05-22,1.20723,0.45932,46.40256805709981,1.11524
2017-05-29,1.21249,0.46370999999999996,46.987332722682694,1.119025
2017-06-05,1.20956,0.46126999999999996,44.7260164194255,1.12306
2017-06-12,1.19162,0.44632,42.12927485609395,1.12226
2017-06-19,1.17544,0.43283,41.249084445397216,1.11954
2017-06-26,1.1641700000000001,0.42344,39.98602325873098,1.1161400000000001
2017-07-03,1.16037,0.42027,40.58949737962084,1.1372399999999998
2017-07-10,1.17032,0.42857,42.312844500076864,1.138425
2017-07-17,1.1735499999999999,0.43126,41.20879120879121,1.14296
2017-07-24,1.1807999999999998,0.4373,41.35143984696779,1.16054
2017-07-31,1.17388,0.43152999999999997,42.67480008201764,1.17048
2017-08-07,1.1991500000000002,0.45259,44.040486104058765,1.18164
2017-08-14,1.1994,0.45280000000000004,44.16865011900714,1.1764000000000001
2017-08-21,1.19754,0.45125,43.05633587006487,1.17474
2017-08-28,1.1938,0.44813,43.935350942376544,1.18424
2017-09-04,1.18927,0.44436000000000003,43.79347917190512,1.1931
2017-09-11,1.2153800000000001,0.46612,44.984721224973704,1.19774
2017-09-18,1.22039,0.47029000000000004,46.555684085231945,1.19298
2017-09-25,1.231,0.47913,47.727843334170224,1.1949
2017-10-02,1.25012,0.49507,49.91249384058587,1.17706
2017-10-09,1.2463,0.49188,47.7713652916498,1.173925
2017-10-16,1.23931,0.48606,47.524434373837465,1.18276
2017-10-23,1.23484,0.48233,49.04673785715499,1.1780599999999999
2017-10-30,1.24135,0.48775999999999997,50.090638574409134,1.16948
2017-11-06,1.25707,0.50086,52.481342641950675,1.1630800000000001
2017-11-13,1.2737,0.5147200000000001,55.33654673782063,1.1618
2017-11-20,1.27812,0.5184,52.25072192967556,1.1774
2017-11-27,1.2768199999999998,0.51732,52.92019334276125,1.184425
2017-12-04,1.2770299999999999,0.51749,53.65200700431034,1.18784
2017-12-11,1.27169,0.5130399999999999,53.492986889638914,1.17922
2017-12-18,1.2785199999999999,0.51873,54.67568440192363,1.1769399999999999
2018-01-01,1.2866199999999999,0.5254800000000001,55.73173030601344,1.193575
2018-01-08,1.3935,0.55175,56.361792672385135,1.20312
2018-01-15,1.39798,0.55548,57.837444062857735,1.201125
2018-01-22,1.3981400000000002,0.55562,56.71063600254989,1.2235800000000001
2018-01-29,1.3948800000000001,0.5529,56.54862826785513,1.23858
2018-02-05,1.39448,0.55257,54.69403513287433,1.24328
2018-02-12,1.38849,0.54757,53.34484387470884,1.22786
2018-02-19,1.36667,0.52939,50.496145562868584,1.242075
2018-02-26,1.36263,0.5260199999999999,53.19736286577246,1.23164
2018-03-05,1.37325,0.53487,53.84113521448377,1.2262
2018-03-12,1.36604,0.52887,52.71167233284767,1.2353999999999998
2018-03-19,1.36235,0.52579,51.98573512724915,1.2338
2018-03-26,1.376,0.5371699999999999,54.66430923453747,1.23298
2018-04-09,1.3883599999999998,0.54747,54.605145249849286,1.22754
2018-04-16,1.39652,0.5542699999999999,57.696357127816384,1.23474
2018-04-23,1.40591,0.56209,59.60948033593788,1.23118
2018-04-30,1.41804,0.5722,61.7637852353416,1.21398
2018-05-07,1.42395,0.57712,62.21263647155205,1.19622
2018-05-14,1.43873,0.5894400000000001,64.3958480298297,1.19076
2018-05-21,1.4610699999999999,0.6080599999999999,66.74520705846456,1.1798600000000001
2018-05-28,1.48168,0.6252300000000001,67.06918990420516,1.171775
2018-06-04,1.47911,0.62309,64.66700995537246,1.1652
2018-06-11,1.4670999999999998,0.6130800000000001,62.86539768864718,1.1768
2018-06-18,1.46484,0.6112000000000001,63.54394852135817,1.16864
2018-06-25,1.45749,0.60507,63.794260926445524,1.1618600000000001
2018-07-02,1.45096,0.59963,64.72146715755427,1.16252
2018-07-09,1.4488800000000002,0.5979,65.19473864024599,1.1708
2018-07-16,1.45498,0.6029800000000001,64.32953399750508,1.1703800000000002
2018-07-23,1.44245,0.59254,61.09939474992712,1.16646
2018-07-30,1.43422,0.58568,63.36375935471718,1.16786
2018-08-06,1.4453699999999998,0.59497,63.092269326683294,1.1629
2018-08-13,1.44773,0.59694,62.043922440753356,1.15112
2018-08-20,1.45171,0.60026,61.33277113090531,1.1383800000000002
2018-08-27,1.45224,0.6007,62.7360035863924,1.15994
2018-09-03,1.45841,0.60584,65.21934806369345,1.166525
2018-09-10,1.4768299999999999,0.62119,66.08491704894284,1.15972
2018-09-17,1.47853,0.62261,67.06793515592801,1.16464
2018-09-24,1.47638,0.62082,67.34147422996895,1.1726800000000002
2018-10-01,1.48348,0.62673,70.09265761213969,1.16774
2018-10-08,1.52172,0.6586000000000001,74.14253172795314,1.152375
2018-10-15,1.5330899999999998,0.66807,71.91596958833411,1.15482
2018-10-22,1.5225499999999998,0.6592899999999999,69.7918655718923,1.15214
2018-10-29,1.5108599999999999,0.64955,68.59753424177057,1.14042
2018-11-05,1.51497,0.65297,65.14666572875633,1.13728
2018-11-12,1.48396,0.62713,61.68552135402965,1.1402999999999999
2018-11-19,1.4655,0.61175,58.31014196639306,1.13548
2018-11-26,1.4553399999999999,0.6032799999999999,53.876617090557076,1.1362999999999999
2018-12-03,1.42867,0.5810599999999999,51.78533587624496,1.1325600000000002
2018-12-10,1.4311500000000001,0.58312,53.18732546122216,1.136925
2018-12-17,1.4247,0.57775,52.50295555202654,1.13346
2019-01-07,1.3760299999999999,0.53759,47.60485602839988,1.14085
2019-01-14,1.39171,0.5506599999999999,51.03124184144113,1.1491
2019-01-21,1.40798,0.56422,52.54237288135593,1.1387
2019-01-28,1.41815,0.57269,53.88642912362078,1.13832
2019-02-04,1.42133,0.5753400000000001,53.64634316878759,1.1441599999999998
2019-02-11,1.42113,0.57517,54.37387657279809,1.13492
2019-02-18,1.43143,0.58376,56.12543183630082,1.1289
2019-02-25,1.4503499999999998,0.5995199999999999,58.72158401869776,1.133825
2019-03-04,1.4596600000000002,0.6072799999999999,56.803984021679845,1.1365399999999999
2019-03-11,1.462,0.60923,57.483615437898514,1.12606
2019-03-18,1.46278,0.60988,58.09594539635385,1.1310600000000002
2019-03-25,1.4593399999999999,0.60702,59.419394688079066,1.1333
2019-04-01,1.4570999999999998,0.60515,59.82670272578464,1.12408
2019-04-08,1.4612,0.60857,61.953209913939034,1.12246
2019-04-15,1.4694800000000001,0.6154700000000001,63.2201226645868,1.12828
2019-04-29,1.4818399999999998,0.6257699999999999,65.27342701154569,1.1173
2019-05-06,1.4778099999999998,0.62241,63.90366694040776,1.12028
2019-05-13,1.4809100000000002,0.62499,63.51965766247659,1.1217000000000001
2019-05-20,1.48156,0.6255299999999999,65.54739044145255,1.1185800000000001
2019-05-27,1.4898,0.6324,63.46037642951459,1.1170749999999998
2019-06-03,1.47266,0.61812,62.078913417431195,1.11616
2019-06-10,1.4356300000000002,0.58726,55.97709504139557,1.12814
2019-06-17,1.4124700000000001,0.56796,56.06622540059979,1.12706
2019-06-24,1.40862,0.56475,56.75795444473989,1.1282999999999999
2019-07-01,1.41799,0.57256,58.517658237871515,1.13658
2019-07-08,1.40338,0.56038,56.74666666666667,1.125
2019-07-15,1.42269,0.57647,58.65410258689663,1.1248999999999998
2019-07-22,1.43055,0.58302,56.705165222970805,1.12212
2019-07-29,1.4248399999999999,0.57827,56.357240290042355,1.11432
2019-08-05,1.42926,0.5819500000000001,56.236410357778226,1.1129799999999999
2019-08-12,1.41551,0.57049,51.11812540124118,1.1215199999999999
2019-08-19,1.40629,0.5628099999999999,52.36519894280732,1.11238
2019-08-26,1.41026,0.56612,53.628981436468074,1.1107799999999999
2019-09-02,1.41198,0.56755,54.11296522407633,1.10565
2019-09-09,1.41025,0.56611,54.62642166554807,1.1025800000000001
2019-09-16,1.42975,0.58236,56.83279888399731,1.1039400000000001
2019-09-23,1.45557,0.60387,59.421734795613155,1.1033000000000002
2019-09-30,1.45476,0.6032000000000001,57.68914548809676,1.09466
2019-10-07,1.44598,0.59588,54.00131310183834,1.09664
2019-10-14,1.4404000000000001,0.59123,54.01054929065114,1.0996000000000001
2019-10-21,1.44024,0.5911000000000001,53.4029528267915,1.1108
2019-10-28,1.43884,0.58993,54.70114714833691,1.11058
2019-11-04,1.4430999999999998,0.59348,54.058663028649384,1.11416
2019-11-11,1.44132,0.592,56.44876724722913,1.10525
2019-11-18,1.4413099999999999,0.59199,56.70570320147928,1.10324
2019-11-25,1.4381,0.5893200000000001,57.70866897163442,1.10486
2019-12-02,1.4437200000000001,0.594,58.710438015779445,1.1027
2019-12-09,1.45186,0.60078,58.41518018343322,1.10776
2019-12-16,1.45639,0.60456,59.840904182564245,1.11128
2020-01-06,1.4841199999999999,0.62767,60.84061403704779,1.118825
2020-01-13,1.49084,0.63327,61.06835916429933,1.11236
2020-01-20,1.47911,0.62349,57.60884216201645,1.11285
2020-01-27,1.4634800000000001,0.6104700000000001,56.272278213038526,1.10534
2020-02-03,1.43432,0.58617,53.06407189968834,1.10376
2020-02-10,1.40279,0.55989,49.72310270703538,1.09788
2020-02-17,1.3999000000000001,0.55748,50.881670000229896,1.087425
2020-02-24,1.39998,0.55755,54.15019032484571,1.08236
2020-03-02,1.39155,0.55052,49.26498715776819,1.09794
2020-03-09,1.3613199999999999,0.5253300000000001,45.0698716353163,1.12492
2020-03-16,1.30122,0.47525,30.156685984116763,1.11816
2020-03-23,1.25691,0.43832,23.774214477708778,1.0789
2020-03-30,1.239,0.4234,21.88887467797044,1.09462
2020-04-06,1.23104,0.41677,17.20050719444291,1.08834
2020-04-20,1.21325,0.40194,18.356370578409237,1.08954
2020-04-27,1.19408,0.38597000000000004,13.15473441108545,1.0825
2020-05-04,1.1663,0.36282,15.6330228122937,1.09064
2020-05-11,1.16078,0.35822000000000004,21.768845706263736,1.08274
2020-05-18,1.15781,0.35574,25.986241493148405,1.0844200000000002
2020-05-25,1.17685,0.37161,31.0209304451147,1.0941
2020-06-01,1.1853900000000002,0.37872,30.504362938556795,1.10476
2020-06-08,1.19102,0.38342000000000004,34.06185640224415,1.1264800000000001
2020-06-15,1.2091500000000002,0.39852,34.90919369655855,1.13208
2020-06-22,1.21614,0.40435000000000004,36.46937285146858,1.12286
2020-06-29,1.2303199999999999,0.41617000000000004,37.04658147759788,1.12534
2020-07-06,1.2278399999999998,0.4141,37.56660746003553,1.126
2020-07-13,1.24202,0.42592,38.033493499152065,1.13216
2020-07-20,1.2446300000000001,0.42808999999999997,37.986870897155356,1.1425
2020-07-27,1.24742,0.43042,37.50215183336203,1.1618
2020-08-03,1.2353399999999999,0.42035,36.71049502259369,1.17732
2020-08-10,1.2363499999999998,0.42119,37.560116507484935,1.1810399999999999
2020-08-17,1.23671,0.42149000000000003,37.694651320243736,1.1816
2020-08-24,1.2361900000000001,0.42106,37.7872641986974,1.18532
2020-08-31,1.22788,0.41413,38.15802785552895,1.18612
2020-09-07,1.219,0.40673000000000004,36.30614868995173,1.1860249999999999
2020-09-14,1.20944,0.39876999999999996,33.32826439578265,1.18368
2020-09-21,1.19512,0.38683,34.49355308132255,1.18196
2020-09-28,1.19466,0.38645,35.05418009738701,1.16648
2020-10-05,1.19626,0.38777999999999996,34.073480794792275,1.17364
2020-10-12,1.19976,0.3907,34.85864674420579,1.1779
2020-10-19,1.20779,0.39738999999999997,35.19711063409316,1.17396
2020-10-26,1.19906,0.39012,34.64125181655345,1.18356
2020-11-02,1.20668,0.39647000000000004,32.3884218440298,1.17048
2020-11-09,1.19678,0.38822,32.767978290366344,1.1792000000000002
2020-11-16,1.21215,0.40102,35.414023513490655,1.1823
2020-11-23,1.2180199999999999,0.40592,36.29107109708557,1.18514
2020-11-30,1.2383199999999999,0.42283,38.984047019311504,1.191
2020-12-07,1.24652,0.42967,39.48715408493494,1.21128
2020-12-14,1.2527300000000001,0.43483999999999995,40.715913218637525,1.21132
2020-12-21,1.26145,0.44211,41.805198421147445,1.2211400000000001
2021-01-11,1.28581,0.46241000000000004,43.50345187772355,1.2254200000000002
2021-01-18,1.3084200000000001,0.48125,45.597134741262195,1.21455
2021-01-25,1.31457,0.48637,45.469888445231135,1.21465
2021-02-01,1.3134700000000001,0.48546,45.546842756912916,1.2115
2021-02-08,1.3232300000000001,0.49359,48.43674603570775,1.20198
2021-02-15,1.3415899999999998,0.50889,50.42585221999959,1.212275
2021-02-22,1.36171,0.52566,52.794209987111266,1.21036
2021-03-01,1.37296,0.53503,54.28529038426665,1.2132200000000002
2021-03-08,1.3758,0.5374,54.986657771847895,1.1992
2021-03-15,1.39028,0.54947,57.14213844915483,1.19264
2021-03-22,1.39298,0.55172,55.49213490691155,1.1913399999999998
2021-03-29,1.3779400000000002,0.53918,52.923446839494055,1.1811399999999999
2021-04-12,1.36944,0.5321,52.00168208578637,1.189
2021-04-19,1.37182,0.53408,54.01185605744343,1.1977
2021-04-26,1.37864,0.53977,54.231267222203776,1.2048400000000001
2021-05-03,1.3774600000000001,0.5387799999999999,55.45249768119781,1.2075200000000001
2021-05-10,1.39133,0.55034,57.10998162282082,1.2080199999999999
2021-05-17,1.38885,0.54827,56.6995000742464,1.21218
2021-05-24,1.39126,0.55028,55.282474767335174,1.22064
2021-05-31,1.39152,0.5505,56.5448028673835,1.220625
2021-06-07,1.4022000000000001,0.5594,57.96649657910712,1.21898
2021-06-14,1.40873,0.56484,58.80126390626028,1.21528
2021-06-21,1.41938,0.57372,60.99514441607849,1.19862
2021-06-28,1.4296300000000002,0.58226,63.19450263973854,1.1933
2021-07-05,1.43824,0.5894299999999999,64.27578069029458,1.18645
2021-07-12,1.4376600000000002,0.5889500000000001,64.32289026327351,1.18356
2021-07-19,1.4465599999999998,0.59637,64.17311502057265,1.18118
2021-07-26,1.44106,0.59178,61.27263777856986,1.17834
2021-08-02,1.43374,0.58568,63.91002817947117,1.18526
2021-08-09,1.4419300000000002,0.59251,61.18750846768731,1.18096
2021-08-16,1.43346,0.58545,60.48462572532205,1.1753399999999998
2021-08-23,1.42775,0.58069,58.15721583434419,1.17062
2021-08-30,1.42516,0.57853,60.33574608352873,1.17708
2021-09-06,1.42943,0.58209,61.63065496286292,1.1848
2021-09-13,1.4417200000000001,0.59233,60.897435897435905,1.18248
2021-09-20,1.45374,0.60235,62.96931806598485,1.1772399999999998
2021-09-27,1.4659,0.61248,64.24976541840826,1.1723
2021-10-04,1.49703,0.63842,67.51592356687898,1.1618
2021-10-11,1.5354,0.6704,70.8693397856896,1.1572
2021-10-18,1.55827,0.6894600000000001,72.42284510301711,1.15806
2021-10-25,1.5531300000000001,0.68517,73.05834006774532,1.16318
2021-11-01,1.55665,0.68811,72.49474301078976,1.16036
2021-11-08,1.54932,0.682,71.31622158845389,1.1571
2021-11-15,1.55767,0.68896,72.56036545573201,1.1492499999999999
2021-11-22,1.55603,0.68759,72.12277570638442,1.1318199999999998
2021-11-29,1.5536500000000002,0.68561,71.2864250177683,1.1256
2021-12-06,1.5536500000000002,0.68561,62.825186705836536,1.1301200000000002
2021-12-13,1.52549,0.66214,66.21865703357416,1.12944
2021-12-20,1.53163,0.66726,65.37616110047509,1.12824
2022-01-03,1.5367,0.67148,69.0779734417464,1.131475
2022-01-10,1.58835,0.7145199999999999,71.08293303192993,1.13248
2022-01-17,1.6214000000000002,0.74207,74.50516727973375,1.1418
2022-01-24,1.65402,0.76925,78.66040865299784,1.13348
2022-01-31,1.67043,0.78292,80.35666518056176,1.1215
2022-02-07,1.68538,0.79538,81.58903820446069,1.13704
2022-02-14,1.69954,0.8071799999999999,84.5165474687982,1.1409600000000002
2022-02-21,1.70512,0.81183,86.10102344007923,1.135875
2022-02-28,1.7415399999999999,0.8421799999999999,88.24626534273585,1.12594
2022-03-07,1.88312,0.96017,103.9705615119026,1.1006
2022-03-14,2.14067,1.17479,111.43002934047709,1.09746
2022-03-21,1.97554,1.03718,99.31668237511782,1.10344
2022-03-28,2.1164899999999998,1.15464,112.38202614973359,1.09982
2022-04-04,1.89104,0.96677,100.42422601317809,1.1079
2022-04-11,1.82047,0.90796,94.82774443404365,1.0896599999999999
2022-04-25,1.8759000000000001,0.9541499999999999,97.92878580162288,1.07956
2022-05-02,1.8814600000000001,0.95878,98.46876895087934,1.0553599999999999
2022-05-09,1.94383,1.0107599999999999,104.68800394619514,1.0541800000000001
2022-05-16,1.8784,0.95623,102.75662853426178,1.04548
2022-05-23,1.85202,0.93425,106.86033308099925,1.0568
2022-05-30,1.82805,0.91427,109.8702026332991,1.0709
2022-06-06,1.96146,1.02545,115.92564916869046,1.0706
2022-06-13,2.06935,1.11536,120.07540056550422,1.0610000000000002
2022-06-20,2.13454,1.16968,119.67087638729431,1.0452
2022-06-27,2.1301900000000002,1.1660599999999999,110.68897563193997,1.05548
2022-07-04,2.0643200000000004,1.11117,114.9132230418487,1.047225
2022-07-11,1.99457,1.05304,111.7360182490364,1.0170400000000002
2022-07-18,1.96956,1.0322,108.87024808138497,1.00854
2022-07-25,1.93429,1.00281,111.11219855934857,1.02176
2022-08-01,1.87823,0.95609,107.4342790853143,1.01718
2022-08-08,1.83931,0.9236599999999999,100.65177274333506,1.0187599999999999
2022-08-15,1.7899100000000001,0.88249,101.90090370832034,1.02688
2022-08-22,1.84,0.92423,95.91092073690682,1.00854
2022-08-29,1.94881,1.01491,99.06813627254509,0.998
2022-09-05,1.78007,0.87429,95.16012280657965,1.0015749999999999
2022-09-12,1.75474,0.8531799999999999,90.45351791465784,0.9997399999999999
2022-09-19,1.69648,0.80463,91.41548492909575,0.9999399999999999
2022-09-26,1.6593,0.77365,90.24196343029539,0.9811399999999999
2022-10-03,1.6956099999999998,0.80391,89.67798943756037,0.97326
2022-10-10,1.8034700000000001,0.89379,96.01866409697215,0.98585
2022-10-17,1.92108,0.9917999999999999,96.92487349163099,0.97622
2022-10-24,1.90526,0.97862,92.56924390938302,0.9834799999999999
2022-10-31,1.86776,0.94737,93.32543998715659,0.9966200000000001
2022-11-07,1.83193,0.9175099999999999,97.03018401927243,0.98794
2022-11-14,1.80203,0.89259,94.56925613327098,1.015975
2022-11-21,1.90588,0.97913,89.07050972047587,1.0339
2022-11-28,1.86114,0.9418500000000001,83.42184030124554,1.0357
2022-12-05,1.82022,0.90775,81.45884426732066,1.04384
2022-12-12,1.7320499999999999,0.83427,74.60730498205095,1.05298
2022-12-19,1.7427300000000001,0.84317,76.00127922945238,1.06314
2022-12-26,1.74939,0.84872,76.03609546921754,1.061075
2023-01-02,1.76653,0.8630099999999999,76.76000187608462,1.06605
2023-01-09,1.8993900000000001,0.97382,72.7217920458185,1.06158
2023-01-16,1.88456,0.96147,74.7929762705574,1.077775
2023-01-23,1.91618,0.98782,78.12326793038466,1.08252
2023-01-30,1.9431800000000001,1.01032,79.00448826429255,1.08728
2023-02-06,1.88727,0.96372,75.47013274336284,1.0848
2023-02-13,1.82785,0.9142100000000001,77.72262446816451,1.07176
2023-02-20,1.83819,0.9228200000000001,78.72425000584563,1.069175
2023-02-27,1.81014,0.8994500000000001,77.13568787261339,1.06008
2023-03-06,1.8120399999999999,0.90103,78.59949982136477,1.06362
2023-03-13,1.83832,0.9229299999999999,78.03582528112109,1.06182
2023-03-20,1.81828,0.90623,70.40640024038463,1.06496
2023-03-27,1.81623,0.90452,68.73819488167105,1.08004
2023-04-03,1.80926,0.8987200000000001,71.78090259883678,1.08664
2023-04-10,1.80143,0.89219,78.81904342884378,1.09098
2023-04-17,1.7998399999999999,0.89087,79.64698588672917,1.0968399999999998
2023-04-24,1.76214,0.85945,77.09407627412037,1.09762
2023-05-01,1.71998,0.82432,73.93681762857194,1.10094
2023-05-08,1.66551,0.77892,67.71201974555817,1.10202
2023-05-15,1.65553,0.77061,69.7150187849354,1.0913
2023-05-22,1.66011,0.77442,70.01312457252713,1.08194
2023-05-29,1.67224,0.78453,71.19882700677265,1.0741749999999999
2023-06-05,1.66584,0.7792,68.96197711533794,1.07146
2023-06-12,1.67967,0.79072,70.85499226799321,1.07346
2023-06-19,1.67599,0.7876599999999999,68.39044795329701,1.087725
2023-06-26,1.70347,0.81056,68.91815168220363,1.09202
2023-07-03,1.6751800000000001,0.78698,67.37198864156818,1.0917000000000001
2023-07-10,1.66581,0.7791699999999999,70.12083485902599,1.0924
2023-07-17,1.6948599999999998,0.80338,71.51948657272956,1.11564
2023-07-24,1.70023,0.80786,71.27484037592367,1.11512
2023-07-31,1.7398699999999998,0.84089,75.6999184561022,1.1037000000000001
2023-08-07,1.8064,0.8963300000000001,77.99719454210918,1.09786
2023-08-14,1.8346300000000002,0.91986,80.10616369639372,1.09642
2023-08-21,1.8336400000000002,0.91903,78.82465255466414,1.0893799999999998
2023-08-28,1.82399,0.91099,78.24536771905193,1.08262
2023-09-04,1.85869,0.93991,80.70409879501416,1.085075
2023-09-11,1.8816700000000002,0.9590599999999999,85.1617597671555,1.07196
2023-09-18,1.92938,0.99882,87.74373259052925,1.06982
2023-09-25,1.94097,1.00847,88.96349926848481,1.0662800000000001
2023-10-02,1.91211,0.98442,90.63418333491326,1.0549
2023-10-09,1.89211,0.96776,85.83646125338527,1.0523500000000001
2023-10-16,1.848,0.931,85.61857718730484,1.05678
2023-10-23,1.88177,0.95914,87.34626792360154,1.05866
2023-10-30,1.85422,0.9361799999999999,84.87963417860247,1.05844
2023-11-06,1.8466300000000002,0.92986,82.89790241335237,1.0640800000000001
2023-11-13,1.80771,0.89742,78.03419601980752,1.0703
2023-11-20,1.8011,0.8919199999999999,75.31853867509976,1.08778
2023-11-27,1.78118,0.8753200000000001,74.76926600251917,1.091625
2023-12-04,1.78321,0.87701,74.11240977540028,1.09172
2023-12-11,1.74705,0.84687,70.5294816575078,1.07728
2023-12-18,1.73402,0.83602,69.4592508179245,1.08812
2023-12-25,1.74223,0.84286,72.97641810070108,1.0983
2024-01-01,1.74915,0.84862,71.56535091680969,1.1071
2024-01-08,1.7278,0.83093,70.20235225363429,1.09512
2024-01-15,1.72272,0.8267,71.6030778363815,1.094925
2024-01-22,1.7361300000000002,0.83787,73.65082283717936,1.0877000000000001
2024-01-29,1.75555,0.8540599999999999,75.87573746312685,1.0848
2024-02-05,1.7933800000000002,0.88558,76.33072642224565,1.08174
2024-02-12,1.79695,0.8885599999999999,75.6824512534819,1.077
2024-02-19,1.8301500000000002,0.91622,78.57624752820752,1.074625
2024-02-26,1.8148900000000001,0.90351,78.53316090892297,1.0826
2024-03-04,1.79782,0.88928,77.72919318831757,1.08402
2024-03-11,1.78507,0.87866,78.43873662611755,1.09168
2024-03-18,1.77872,0.87337,77.50715281343996,1.09048
2024-03-25,1.78713,0.88037,79.18126498248202,1.0846
2024-04-01,1.76487,0.8618300000000001,79.48124131542382,1.0795
2024-04-08,1.78986,0.8826499999999999,83.40873418890223,1.0831
2024-04-15,1.79074,0.8833799999999999,85.8206170951013,1.07212
2024-04-22,1.7687,0.86502,84.13470568348299,1.0648399999999998
2024-04-29,1.75209,0.85117,82.72903973386163,1.07012
2024-05-06,1.7399,0.84102,79.94367668177324,1.07238
2024-05-13,1.7186199999999998,0.82328,77.00233931157403,1.07724
2024-05-20,1.70477,0.81174,75.17086380634821,1.08566
2024-05-27,1.69854,0.80655,74.00507263085082,1.08425
2024-06-03,1.69543,0.80396,74.56277758325193,1.0852600000000001
2024-06-10,1.67383,0.78596,70.67584526797579,1.08368
2024-06-17,1.68251,0.7931900000000001,75.00837147003014,1.07508
2024-06-24,1.71325,0.8188099999999999,79.35056452365403,1.0716999999999999
2024-07-01,1.7249400000000001,0.82855,80.99525535173909,1.0706799999999999
2024-07-08,1.72332,0.8272,81.50188661774577,1.0799750000000001
2024-07-15,1.72535,0.82889,79.89690721649484,1.0864
2024-07-22,1.697,0.8052699999999999,78.94640268628783,1.08998
2024-07-29,1.6824100000000002,0.79311,76.05950559477942,1.08494
2024-08-05,1.6648699999999999,0.77849,73.91512561703382,1.08584
2024-08-12,1.6605,0.77485,72.17400856860377,1.09236
2024-08-19,1.64478,0.76175,74.93185535162638,1.1006
2024-08-26,1.63452,0.7532000000000001,71.4234421844425,1.1140599999999998
2024-09-02,1.60931,0.73219,72.76573717732315,1.1108250000000002
2024-09-09,1.61174,0.73422,67.97896942978969,1.1069600000000002
2024-09-16,1.5887,0.71502,65.20638136237021,1.10572
2024-09-23,1.58193,0.7093700000000001,67.34327285791271,1.1134
2024-09-30,1.58551,0.71236,66.3935748731647,1.11562
2024-10-07,1.59053,0.71654,68.89538578873776,1.10138
2024-10-14,1.62314,0.74372,72.4764775737645,1.0947
2024-10-21,1.61864,0.73997,68.6955400401599,1.08566
2024-10-28,1.5977000000000001,0.7225199999999999,69.12924364147939,1.08044
2024-11-04,1.6008099999999998,0.72511,66.9228925878818,1.08498
2024-11-11,1.61929,0.74051,70.10242387727672,1.07885
2024-11-18,1.6250799999999999,0.74533,68.93975219899744,1.0573000000000001
2024-11-25,1.64173,0.75921,71.34277706812072,1.04902
2024-12-02,1.65425,0.76964,70.48257181552498,1.052175
2024-12-09,1.6455799999999998,0.76242,70.11507327153122,1.05498
2024-12-16,1.64157,0.75907,70.445721680877,1.0508799999999998
2024-12-23,1.6396400000000002,0.75747,70.71936516455503,1.04342
2024-12-30,1.65538,0.77058,70.2835175396444,1.0405
2025-01-06,1.66974,0.78225,73.04423621704076,1.032525
2025-01-13,1.6808699999999999,0.79152,75.97176580395512,1.02854
2025-01-20,1.72329,0.82687,80.44893596346323,1.0291
2025-01-27,1.72598,0.82912,76.4492060455328,1.0454
2025-02-03,1.70084,0.8081699999999999,74.48016942626109,1.0388
2025-02-10,1.69475,0.8030900000000001,72.77008898411411,1.03614
2025-02-17,1.70205,0.80917,72.97427035330263,1.0415999999999999
2025-02-24,1.68567,0.79552,72.78414417172046,1.04542
2025-03-03,1.6872,0.7968,70.95214433147312,1.04648
2025-03-10,1.66046,0.77452,66.8295674148952,1.0763200000000002
2025-03-17,1.6317300000000001,0.7505700000000001,65.62700669663334,1.0901
2025-03-24,1.61958,0.74045,66.55054191550542,1.08504
2025-03-31,1.6276,0.74713,68.8336697094821,1.08014
2025-04-07,1.62969,0.74887,68.2941111883761,1.09292
2025-04-14,1.57492,0.70323,59.20074515915237,1.11654
2025-04-21,1.52809,0.6642100000000001,59.507499912179014,1.1386800000000001
2025-04-28,1.5531300000000001,0.6850700000000001,59.63439689535884,1.13894
2025-05-05,1.54954,0.68208,56.02710476627433,1.13338
2025-05-12,1.53256,0.6679299999999999,55.30203487339749,1.12636
2025-05-19,1.5505,0.68288,58.57224565668121,1.11896
2025-05-26,1.5507,0.6830499999999999,58.24710356416379,1.1307
2025-06-02,1.5463399999999998,0.6794199999999999,57.02859357657547,1.13522
2025-06-09,1.54558,0.6787799999999999,58.86889009621621,1.1411799999999999
2025-06-16,1.55718,0.68845,61.64431102396363,1.15258
2025-06-23,1.6402,0.75763,67.87526564600772,1.15285
2025-06-30,1.64293,0.75991,59.85728708567908,1.16878
2025-07-07,1.5891199999999999,0.7150700000000001,59.17079286822364,1.176425
2025-07-14,1.6400899999999998,0.75754,61.373353856678634,1.1694
2025-07-21,1.6413900000000001,0.75862,60.70968296245382,1.1639
2025-07-28,1.641,0.7583,59.80273374174502,1.17202
2025-08-04,1.61619,0.73762,62.90176865075228,1.15116
2025-08-11,1.61544,0.737,58.63077320030963,1.1626999999999998
2025-08-18,1.5966500000000001,0.72134,57.50166932045817,1.16814
2025-08-25,1.58718,0.71345,58.16765871314132,1.16594
2025-09-01,1.5796,0.70713,58.12801543904792,1.165875
2025-09-08,1.57819,0.70596,57.14945201497768,1.16974
2025-09-15,1.61074,0.7330800000000001,57.30969226834882,1.1731
2025-09-22,1.6171300000000002,0.73841,57.90776114849404,1.17998
2025-09-29,1.6209,0.7415499999999999,59.02416562921023,1.17274
2025-10-06,1.6220999999999999,0.7425499999999998,57.28740103740104,1.17216
2025-10-13,1.60557585,0.728779875,57.39257728407819,1.1613
2025-10-20,1.55444123,0.6861676916666666,53.53616867842242,1.16482
2025-10-27,1.5904433399999998,0.7161694499999999,54.40432343120719,1.16204
2025-11-03,1.63072221,0.749735175,56.09137493745579,1.1591799999999999
2025-11-10,1.65802,0.77249,55.77917346195218,1.15276
2025-11-17,1.67791453,0.7890621083333333,54.13294299982779,1.1614
2025-11-24,1.6969246999999998,0.8049039166666664,55.16930492223937,1.15354
2025-12-01,1.66126,0.7751833333333333,55.53950007548471,1.159175
2025-12-08,1.63232,0.7510666666666667,54.98831133113312,1.1635199999999999
2025-12-15,1.6008099999999998,0.7248083333333333,53.47502221007312,1.1706400000000001
2025-12-22,1.5298699999999998,0.6656916666666665,51.79842637692019,1.17436
2025-12-29,1.5600699999999998,0.6908583333333332,53.706614554569015,1.17695
2026-01-05,1.58946,0.7170500000000001,52.97099288665502,1.17385
2026-01-12,1.62255,0.744625,53.93383613301338,1.1667999999999998
2026-01-19,1.6396099999999998,0.7588416666666666,57.62821202021288,1.162625
2026-01-26,1.6585,0.7745833333333334,56.92652832305102,1.1767800000000002
2026-02-02,1.6616600000000001,0.7772166666666667,59.1292229162469,1.19112
2026-02-09,1.6705699999999999,0.7846416666666667,59.05232184530051,1.18268
2026-02-16,1.66861,0.7830083333333332,59.509279912461594,1.18805
2026-02-23,1.64972,0.7672666666666667,60.74116769512443,1.17976
2026-03-02,1.7009400000000001,0.8099500000000001,60.58033516138343,1.17794
2026-03-09,1.95247,1.0195583333333333,73.48556656613528,1.1605
2026-03-16,2.01737,1.0736416666666664,83.37524060554563,1.15334
2026-03-23,2.10879,1.149825,96.56224537558728,1.15366
2026-03-30,2.1888,1.2165,96.45532741398445,1.15328
2026-04-06,2.2337,1.2539166666666666,107.31479236657083,1.1549200000000002
2026-04-13,2.3139000000000003,1.32075,106.69395164052332,1.16792
2026-04-20,2.24413,1.2626083333333336,97.04201224579792,1.1791800000000001
2026-04-27,2.16391,1.1957583333333333,93.50210682543204,1.17238
2026-05-04,2.16049,1.1929083333333332,102.0873156744948,1.17184
2026-05-11,2.15656,1.1896333333333333,90.06924477261514,1.17554
2026-05-18,2.11844,1.1578666666666668,94.63509024281653,1.16796
2026-05-25,2.12477,1.1631416666666667,95.32468651699918,1.16035
2026-06-01,2.04454,1.0962833333333333,83.3422787092896,1.164475
